{
    "output" :
    {
        "lg_class_f1": [
            0.9982238010657194,
            0.993514915693904,
            1.0,
            0.9975429975429976,
            0.8571428571428571,
            0.9935483870967742,
            0.9977827050997783
        ],
        "lg_class_report": "              precision    recall  f1-score   support\n\n           0       1.00      1.00      1.00      3656\n           1       1.00      0.99      0.99       387\n           2       1.00      1.00      1.00        14\n           3       1.00      1.00      1.00       612\n           4       1.00      0.75      0.86         8\n           5       0.99      1.00      0.99       231\n           6       1.00      1.00      1.00       452\n\n    accuracy                           1.00      5360\n   macro avg       1.00      0.96      0.98      5360\nweighted avg       1.00      1.00      1.00      5360\n",
        "lg_acc_score": 0.9973880597014926,
        "lg_prec_score": 0.9973973431077559,
        "lg_rec_score": 0.9973880597014926,
        "lg_f1": 0.9973614564454708,
        "lg_confusion_matrix": [
            [
                3653,
                0,
                0,
                0,
                0,
                3,
                0
            ],
            [
                4,
                383,
                0,
                0,
                0,
                0,
                0
            ],
            [
                0,
                0,
                14,
                0,
                0,
                0,
                0
            ],
            [
                3,
                0,
                0,
                609,
                0,
                0,
                0
            ],
            [
                1,
                1,
                0,
                0,
                6,
                0,
                0
            ],
            [
                0,
                0,
                0,
                0,
                0,
                231,
                0
            ],
            [
                2,
                0,
                0,
                0,
                0,
                0,
                450
            ]
        ],
        "xb_class_f1": [
            0.9857084524295631,
            0.9573333333333334,
            0.9655172413793104,
            0.9698942229454841,
            0.6153846153846154,
            0.9892008639308856,
            0.9606299212598425
        ],
        "xb_class_report": "              precision    recall  f1-score   support\n\n           0       0.98      0.99      0.99      3656\n           1       0.99      0.93      0.96       387\n           2       0.93      1.00      0.97        14\n           3       0.97      0.97      0.97       612\n           4       0.80      0.50      0.62         8\n           5       0.99      0.99      0.99       231\n           6       0.98      0.94      0.96       452\n\n    accuracy                           0.98      5360\n   macro avg       0.95      0.90      0.92      5360\nweighted avg       0.98      0.98      0.98      5360\n",
        "xb_acc_score": 0.9794776119402985,
        "xb_prec_score": 0.9794227314364907,
        "xb_rec_score": 0.9794776119402985,
        "xb_f1": 0.979284292687498,
        "xb_confusion_matrix": [
            [
                3621,
                3,
                1,
                19,
                1,
                3,
                8
            ],
            [
                28,
                359,
                0,
                0,
                0,
                0,
                0
            ],
            [
                0,
                0,
                14,
                0,
                0,
                0,
                0
            ],
            [
                16,
                0,
                0,
                596,
                0,
                0,
                0
            ],
            [
                2,
                1,
                0,
                1,
                4,
                0,
                0
            ],
            [
                0,
                0,
                0,
                0,
                0,
                229,
                2
            ],
            [
                24,
                0,
                0,
                1,
                0,
                0,
                427
            ]
        ],
        "cb_class_f1": [
            0.9963059242030373,
            0.9909677419354839,
            0.9655172413793104,
            0.991869918699187,
            0.7692307692307693,
            0.9892008639308856,
            0.9922308546059934
        ],
        "cb_class_report": "              precision    recall  f1-score   support\n\n           0       1.00      1.00      1.00      3656\n           1       0.99      0.99      0.99       387\n           2       0.93      1.00      0.97        14\n           3       0.99      1.00      0.99       612\n           4       1.00      0.62      0.77         8\n           5       0.99      0.99      0.99       231\n           6       1.00      0.99      0.99       452\n\n    accuracy                           0.99      5360\n   macro avg       0.98      0.94      0.96      5360\nweighted avg       0.99      0.99      0.99      5360\n",
        "cb_acc_score": 0.9944029850746269,
        "cb_prec_score": 0.9944299177126288,
        "cb_rec_score": 0.9944029850746269,
        "cb_f1": 0.9943448131795408,
        "cb_confusion_matrix": [
            [
                3641,
                3,
                0,
                7,
                0,
                3,
                2
            ],
            [
                3,
                384,
                0,
                0,
                0,
                0,
                0
            ],
            [
                0,
                0,
                14,
                0,
                0,
                0,
                0
            ],
            [
                2,
                0,
                0,
                610,
                0,
                0,
                0
            ],
            [
                2,
                1,
                0,
                0,
                5,
                0,
                0
            ],
            [
                2,
                0,
                0,
                0,
                0,
                229,
                0
            ],
            [
                3,
                0,
                1,
                1,
                0,
                0,
                447
            ]
        ],
        "stack_class_f1": [
            0.9982238010657194,
            0.993514915693904,
            1.0,
            0.9975429975429976,
            0.8571428571428571,
            0.9935483870967742,
            0.9977827050997783
        ],
        "stack_acc_score": 0.9973880597014926,
        "stack_prec_score": 0.9973973431077559,
        "stack_rec_score": 0.9973880597014926,
        "stack_f1": 0.9973614564454708,
        "runtime": 51
    },
    "input" :
    {
        "dataset": "CICIDS2017",
        "model" : "LCCDE",
        "test_size": 0.2,
        "random_state": 0,
        "sampling_strat2": 1000,
        "sampling_strat4": 1000,
        "xg_eta": 0.3,
        "xg_max_depth": 6,
        "xg_subsample": 1,
        "xg_lambda": 1,
        "xg_alpha": 0,
        "xg_gamma": 0,
        "xg_colsample_bytree": 1,
        "xg_min_child_weight": 1,
        "xg_n_estimators": 1,
        "cb_iterations": 1000,
        "cb_learning_rate": 0.03,
        "cb_depth": 6,
        "cb_random_state": 0,
        "cb_loss_function": "MultiClass",
        "lg_boosting": "gbdt",
        "lg_learning_rate": 0.1,
        "lg_lambda_l1": 0,
        "lg_num_leaves": 31,
        "lg_num_iterations": 100,